Epoch,evaluation/Actions Max,evaluation/Actions Mean,evaluation/Actions Min,evaluation/Actions Std,evaluation/Average Returns,evaluation/Num Paths,evaluation/Returns Max,evaluation/Returns Mean,evaluation/Returns Min,evaluation/Returns Std,evaluation/Rewards Max,evaluation/Rewards Mean,evaluation/Rewards Min,evaluation/Rewards Std,evaluation/num paths total,evaluation/num steps total,evaluation/path length Max,evaluation/path length Mean,evaluation/path length Min,evaluation/path length Std,exploration/Actions Max,exploration/Actions Mean,exploration/Actions Min,exploration/Actions Std,exploration/Average Returns,exploration/Num Paths,exploration/Returns Max,exploration/Returns Mean,exploration/Returns Min,exploration/Returns Std,exploration/Rewards Max,exploration/Rewards Mean,exploration/Rewards Min,exploration/Rewards Std,exploration/num paths total,exploration/num steps total,exploration/path length Max,exploration/path length Mean,exploration/path length Min,exploration/path length Std,replay_buffer/size,time/data storing (s),time/epoch (s),time/evaluation sampling (s),time/exploration sampling (s),time/logging (s),time/sac training (s),time/saving (s),time/total (s),time/training (s),trainer/Alpha,trainer/Alpha Loss,trainer/Log Pis Max,trainer/Log Pis Mean,trainer/Log Pis Min,trainer/Log Pis Std,trainer/Policy Loss,trainer/Q Targets Max,trainer/Q Targets Mean,trainer/Q Targets Min,trainer/Q Targets Std,trainer/Q1 Predictions Max,trainer/Q1 Predictions Mean,trainer/Q1 Predictions Min,trainer/Q1 Predictions Std,trainer/Q2 Predictions Max,trainer/Q2 Predictions Mean,trainer/Q2 Predictions Min,trainer/Q2 Predictions Std,trainer/QF1 Loss,trainer/QF2 Loss,trainer/num train calls,trainer/policy/mean Max,trainer/policy/mean Mean,trainer/policy/mean Min,trainer/policy/mean Std,trainer/policy/normal/log_std Max,trainer/policy/normal/log_std Mean,trainer/policy/normal/log_std Min,trainer/policy/normal/log_std Std,trainer/policy/normal/std Max,trainer/policy/normal/std Mean,trainer/policy/normal/std Min,trainer/policy/normal/std Std
0,6.54525e-06,-1.22286e-06,-1.9064e-05,4.55851e-06,23.2253530417,24,25.0789785526,23.2253530417,18.5385413735,2.32094347994,0.127662387923,0.115549020108,0.0905987016228,0.0116113392022,24,4824,201,201.0,201,0.0,0.997586,0.019181,-0.998658,0.617501,23.7912810483,5,24.8548572157,23.7912810483,22.7806082817,0.826596966557,0.127158940413,0.118956405241,0.095131198452,0.00631784205047,10,2000,201,200.0,196,2.0,2000,0.02168091299245134,90.70877796308196,60.54425262998848,11.751171012991108,0.02252129200496711,18.324327395108412,0.04468777100555599,104.97882227534137,0.00013694899098481983,1.0,-0.0,-0.5816,-1.33135,-1.83744,0.304073,-1.33104,2.02162,1.48628,0.695617,0.319766,8.97527e-05,-0.000263711,-0.000794205,0.000206117,0.000529427,0.000296199,6.38518e-05,0.000110614,2.31206,2.31038,1000,1.80259e-05,-9.67397e-07,-2.65461e-05,6.58038e-06,0.000838405,2.99437e-05,-0.000784765,0.000800772,1.00084,1.00003,0.999216,0.000800796
1,0.00779327,0.00295374,-0.0018674,0.00481867,24.2777671695,24,24.7389765634,24.2777671695,18.7201847081,1.1862930842,0.124813372886,0.120784911291,0.0923020405701,0.00596240397475,48,9648,201,201.0,201,0.0,0.998094,0.000359084,-0.992226,0.595457,21.724541623,5,25.2754990013,21.724541623,17.5199631756,2.7317875227,0.128669506373,0.108622708115,0.072776337466,0.0161750473593,15,3000,201,200.0,196,2.0,3000,0.016171366994967684,89.44421977103048,59.47876427099982,12.221715682011563,0.022631544998148456,17.672499318039627,0.03229767098673619,195.686506611426,0.00013991699961479753,0.7406248450279236,-1.0144237279891968,-1.04312,-1.37847,-2.84412,0.210262,-6.1058,5.7688,5.06303,0.118339,0.335959,5.29488,5.09434,4.66559,0.0851148,5.25562,5.08869,4.6883,0.0807508,0.106489,0.105696,2000,0.00808851,0.00295155,-0.00204319,0.00481544,-0.109272,-0.120566,-0.129177,0.00424391,0.896486,0.886426,0.878818,0.00376304
2,0.00610826,0.00379916,0.00156085,0.00218249,23.9608095436,24,24.8149330838,23.9608095436,18.5768323498,1.6013225227,0.125126572759,0.119208007679,0.0897705759109,0.00803355145378,72,14472,201,201.0,201,0.0,0.991124,-0.00939023,-0.992615,0.595155,24.3998261041,5,24.9341991475,24.3998261041,23.9151788974,0.360307893566,0.128002091882,0.121999130521,0.115148753587,0.00316063094811,20,4000,201,200.0,196,2.0,4000,0.018040558003121987,88.65336430630123,59.17622824398859,12.254144124002778,0.02191605800180696,17.154326019299333,0.028562245002831332,285.6111349748244,0.00014705800276715308,0.5486387014389038,-2.0212974548339844,-1.0237,-1.36706,-2.40662,0.164529,-9.98136,10.3788,9.24092,7.90792,0.29524,10.5828,9.24252,7.62425,0.348144,10.4739,9.23822,7.6638,0.338144,0.0105562,0.00968919,3000,0.00635976,0.00382211,0.00150193,0.0021867,-0.113011,-0.119444,-0.127557,0.00216343,0.893141,0.887416,0.880243,0.00192003
3,-0.000424908,-0.00339922,-0.00659836,0.00295383,23.8677189644,24,24.7263614184,23.8677189644,18.2063205962,1.63220768359,0.12487794796,0.118744870469,0.0885623444228,0.00818613517387,96,19296,201,201.0,201,0.0,0.992042,-0.0169391,-0.996315,0.601732,24.0697890394,5,24.6704939995,24.0697890394,23.4371138103,0.409175310578,0.125640100335,0.120348945197,0.103070127221,0.00407488779334,25,5000,201,200.0,196,2.0,5000,0.018235748997540213,88.62882801392698,59.9560779750027,12.081019520992413,0.03351688900147565,16.50399900993216,0.03582402499159798,375.48485428885033,0.00015484500909224153,0.40644651651382446,-3.026212453842163,-0.974964,-1.36133,-2.05555,0.173499,-12.971,13.5842,12.316,0.116704,1.1844,13.6154,12.4242,10.4133,0.515587,13.6163,12.4228,10.4276,0.514631,1.0967,1.09536,4000,-0.000371754,-0.00342369,-0.00710994,0.00297568,-0.0960934,-0.108804,-0.128561,0.00664799,0.908379,0.896926,0.87936,0.00595835
4,0.00701201,-0.000302792,-0.00755964,0.00690634,23.8868721227,24,24.7854923789,23.8868721227,18.4629108968,1.62710333198,0.126276117117,0.118840159814,0.0898083793236,0.00821146523941,120,24120,201,201.0,201,0.0,0.996814,-0.0026603,-0.99559,0.60182,19.6441375496,5,23.8649935173,19.6441375496,14.922051837,3.24640108752,0.123356895429,0.0982206877479,0.0578801406381,0.0187256507516,30,6000,201,200.0,196,2.0,6000,0.01847611999255605,87.04483385678031,58.462403436991735,11.862858752996544,0.02795923300436698,16.643949038814753,0.029044368988252245,463.7991006701777,0.00014290599210653454,0.3011251986026764,-4.0351972579956055,-0.906075,-1.36202,-1.87046,0.190751,-15.0429,16.3085,14.6637,12.42,0.772186,16.2687,14.638,12.3583,0.801431,16.2623,14.6391,12.3438,0.801406,0.0207598,0.0209634,5000,0.00752286,-0.000304976,-0.00792606,0.00689045,-0.0736107,-0.084772,-0.0979653,0.00338556,0.929033,0.918727,0.90668,0.00310771
5,-0.0138679,-0.0166723,-0.0198523,0.00234361,24.4362049955,24,25.1926349357,24.4362049955,23.5993448136,0.394608020827,0.128142445672,0.121573159182,0.114822005776,0.00229471740363,144,28944,201,201.0,201,0.0,0.998882,0.000945565,-0.995252,0.611796,22.5240256566,5,23.5268894553,22.5240256566,21.2115523167,0.957450900254,0.125080849207,0.112620128283,0.0648743182541,0.0123775110517,35,7000,201,200.0,196,2.0,7000,0.023986487998627126,86.30541106693272,57.51461745900451,11.966498145004152,0.021009029995184392,16.750755306944484,0.028393546992447227,551.3820116632123,0.00015109099331311882,0.22313399612903595,-4.977057933807373,-0.807583,-1.31808,-1.71998,0.21771,-16.3256,19.3052,16.0751,11.0658,0.954946,19.4043,16.0274,10.8381,1.00916,19.5295,16.0312,10.9196,1.00866,0.0192497,0.0192593,6000,-0.0121384,-0.0165462,-0.023501,0.00246074,-0.0462369,-0.0599569,-0.0847386,0.00543775,0.954816,0.941819,0.918752,0.00511357
6,-0.00647124,-0.0237558,-0.0414925,0.0171786,24.1671523154,24,24.9397559902,24.1671523154,18.9883366702,1.12715632136,0.125978966655,0.120234588634,0.0933220916176,0.00574058311202,168,33768,201,201.0,201,0.0,0.997376,-0.00696182,-0.998193,0.625629,23.1550455555,5,23.8889646729,23.1550455555,21.0989198934,1.04253346799,0.124893865042,0.115775227778,0.0967801313421,0.00693833125189,40,8000,201,200.0,196,2.0,8000,0.01917239600152243,87.09021541396214,57.61093151799287,11.708174804007285,0.028908904001582414,17.69363972195424,0.029243630007840693,639.799316068471,0.00014443999680224806,0.16539567708969116,-6.044055938720703,-0.700192,-1.3589,-1.90021,0.269282,-17.2612,19.7407,17.0975,12.128,1.08475,19.7722,17.0417,11.7747,1.11628,19.8228,17.0402,11.8546,1.11417,0.0255487,0.0252386,7000,-0.00341418,-0.0232239,-0.0507782,0.0171421,-0.0173969,-0.0326968,-0.0709758,0.00719881,0.982754,0.967857,0.931484,0.00694576
7,0.0443785,-0.00800685,-0.0595489,0.0485237,24.2485343334,24,24.9375869575,24.2485343334,18.76866021,1.1624495839,0.127347066865,0.120639474296,0.0918719275911,0.00587779418893,192,38592,201,201.0,201,0.0,0.997767,0.0128697,-0.996163,0.637105,24.2726797593,5,25.2226605792,24.2726797593,23.7408549958,0.535454358416,0.127396483339,0.121363398796,0.108787329617,0.00337419504169,45,9000,201,200.0,196,2.0,9000,0.01934181099932175,89.92005372616404,59.73364142200444,12.274948222999228,0.022101656009908766,17.84018747713708,0.029692074007471092,731.0580985306151,0.0001410630065947771,0.1226501613855362,-6.926697731018066,-0.239648,-1.30091,-1.89503,0.372191,-18.0492,21.9437,17.8676,0.0730971,2.02628,22.0379,17.8856,10.8347,1.42443,22.1008,17.8905,10.8959,1.42291,1.23153,1.23733,8000,0.0459856,-0.00806521,-0.0607781,0.0486169,0.0381361,0.0206524,-0.0255147,0.0116683,1.03887,1.02094,0.974808,0.0118481
8,0.238903,0.0387383,-0.179528,0.143269,24.4806131957,24,24.8431606323,24.4806131957,23.3161735533,0.34259712625,0.125289387254,0.121794095501,0.113061763858,0.00195902577768,216,43416,201,201.0,201,0.0,0.999627,0.0147518,-0.999593,0.654914,23.1599428941,5,24.2805369154,23.1599428941,22.6464009266,0.593413155052,0.126259776257,0.11579971447,0.102639369553,0.00485549559373,50,10000,201,200.0,196,2.0,10000,0.02209314600622747,88.49554114577768,59.456047981992015,11.667367472997284,0.022628970007644966,17.297413704756764,0.029843289012205787,820.8850302314095,0.00014658100553788245,0.09114144742488861,-7.739904403686523,0.677468,-1.23123,-2.14962,0.526348,-18.4039,22.6338,18.318,0.1176,1.77774,22.584,18.2886,12.5857,1.39879,22.5851,18.288,12.636,1.39277,1.19148,1.18784,9000,0.345486,0.0388467,-0.278845,0.187983,0.175794,0.0765381,-0.130936,0.0513375,1.19219,1.08094,0.877274,0.0538914
9,0.157254,0.00406232,-0.1564,0.125485,23.7632141898,24,24.9182377336,23.7632141898,18.1807816376,1.95623024088,0.126068948237,0.118224946218,0.0874990819103,0.00978296218183,240,48240,201,201.0,201,0.0,0.999214,-0.0198967,-0.998699,0.663901,22.5862704445,5,24.6118975491,22.5862704445,17.7048876789,2.51975265352,0.123920879322,0.112931352223,0.046840041288,0.0165232370418,55,11000,201,200.0,196,2.0,11000,0.020070099009899423,88.89575590314053,59.81908931299404,11.638132146996213,0.028555044991662726,17.36033382214373,0.02945332600211259,911.1166397297638,0.0001221510028699413,0.06788681447505951,-8.317173957824707,2.69671,-1.09199,-2.35924,0.824703,-18.7715,22.3338,18.5024,0.119204,2.45039,22.0758,18.6812,13.9568,1.44716,22.0184,18.675,13.9457,1.44326,3.8151,3.82831,10000,0.495749,-0.000695306,-0.54968,0.255627,0.285241,0.124205,-0.161637,0.0756596,1.33008,1.13545,0.85075,0.0843023
10,0.379834,0.145726,-0.1145,0.215586,24.0585774279,24,24.9281758192,24.0585774279,18.2208784829,1.69224134293,0.127218678798,0.119694415064,0.0890116447017,0.00847191103255,264,53064,201,201.0,201,0.0,0.999846,0.113981,-0.999918,0.689525,23.0610951239,5,25.2396199664,23.0610951239,17.9926356021,2.58176275483,0.127067589794,0.11530547562,0.0660175452274,0.0157366433093,60,12000,201,200.0,196,2.0,12000,0.017665633000433445,86.45833513210528,57.26905047999753,11.604168140998809,0.023461806995328516,17.511598922123085,0.03223086798971053,998.9093194151355,0.00015928100037854165,0.05075058713555336,-8.667312622070312,2.11804,-0.907682,-2.83941,1.04522,-18.7155,24.1287,18.6859,0.112715,2.03831,24.1243,18.6458,13.6484,1.70861,24.2253,18.6459,13.58,1.71105,1.38652,1.39878,11000,0.785986,0.136162,-0.742464,0.372988,0.526999,0.202129,-0.268792,0.131636,1.69384,1.23445,0.764302,0.158865
11,0.853886,0.212113,-0.248419,0.156784,23.889842724,24,25.1904059695,23.889842724,18.6530774219,1.68321187762,0.129117656761,0.118854938926,0.0915536422063,0.0087243988594,288,57888,201,201.0,201,0.0,0.999843,0.147982,-0.999767,0.679287,21.9980938654,5,24.385995243,21.9980938654,17.6617620552,2.33983281205,0.123799539302,0.109990469327,0.0615845113252,0.0174349519084,65,13000,201,200.0,196,2.0,13000,0.017236772997421212,88.48891278004157,59.3778850499948,11.566973458000575,0.022061053008656017,17.474533479035017,0.030041995996725745,1088.7457662293746,0.00018097100837621838,0.038246676325798035,-9.327710151672363,8.48956,-0.858018,-3.40316,1.29556,-18.6998,23.436,18.5849,0.118339,2.40092,23.1188,18.6443,11.2655,1.77778,23.1326,18.6362,11.3795,1.77896,1.95952,1.97668,12000,0.961274,0.183352,-0.913747,0.386877,0.83429,0.195934,-0.312812,0.154584,2.30318,1.23089,0.731387,0.188827
12,0.521819,0.241002,0.0956342,0.0554311,24.3408186627,24,25.2097074996,24.3408186627,18.9033220745,1.17917730329,0.127822296146,0.121098600312,0.0934962765443,0.0059744122412,312,62712,201,201.0,201,0.0,0.99993,0.140812,-0.999862,0.702842,20.8634226749,5,24.7823944114,20.8634226749,16.148958415,3.52538073156,0.127675179938,0.104317113375,0.0497200219804,0.0229499589803,70,14000,201,200.0,196,2.0,14000,0.01837853500910569,86.31058976385975,57.32250943900726,11.630958188005025,0.024127707991283387,17.281697695856565,0.03278128399688285,1176.3878177132865,0.0001369139936286956,0.029043026268482208,-9.032916069030762,11.256,-0.552409,-2.81418,1.66884,-19.288,47.9945,19.1503,12.3419,3.49853,49.7613,19.2535,11.3159,3.68646,49.6761,19.2519,11.4353,3.66532,0.158877,0.143323,13000,0.992204,0.237088,-0.977357,0.391657,1.27875,0.237501,-0.208924,0.201822,3.59215,1.29677,0.811457,0.309536
13,0.337063,0.0201038,-0.605842,0.299019,23.8459071046,24,25.4557696651,23.8459071046,18.2244540149,2.05652834276,0.129971780857,0.118636353754,0.0887456576478,0.0102650299195,336,67536,201,201.0,201,0.0,0.999977,0.122217,-0.999873,0.708198,22.2453238723,5,24.3087165454,22.2453238723,18.6903832475,1.97570797246,0.124163676565,0.111226619362,0.0746512867033,0.011842769647,75,15000,201,200.0,196,2.0,15000,0.01993652299279347,86.27828658197541,57.270833019996644,11.520194819007884,0.024790778013993986,17.412778501966386,0.02960633600014262,1263.994722163232,0.00014660399756394327,0.022067956626415253,-7.770044326782227,10.5615,-0.0374413,-3.44059,2.35162,-19.1514,42.9938,18.9751,0.0720128,3.27259,42.8618,19.1108,8.01957,2.90924,42.855,19.1037,8.04088,2.90665,0.97496,0.97834,14000,0.994036,0.10515,-0.993789,0.446204,1.47333,0.293081,-0.530168,0.321209,4.36374,1.41658,0.588506,0.524798
14,-0.193479,-0.550775,-0.973735,0.285802,24.1691854963,24,25.0557470603,24.1691854963,19.1354302199,1.12408294678,0.127519409329,0.120244703962,0.093448482005,0.00576931874097,360,72360,201,201.0,201,0.0,0.999959,-0.444758,-0.999998,0.683709,23.781620499,5,24.691827539,23.781620499,22.0599763459,0.919789022465,0.124183534996,0.118908102495,0.107687998974,0.00456497326572,80,16000,201,200.0,196,2.0,16000,0.01854529899719637,86.6240811591415,57.90422452799976,11.532369308988564,0.02877153700683266,17.103710570154362,0.03632027399726212,1351.9458442112664,0.00013964199752081186,0.017081407830119133,-5.921219348907471,9.92057,0.545071,-5.31732,2.34205,-18.7619,44.2835,18.8172,0.112799,3.55755,44.212,18.7446,12.9258,3.13142,44.2335,18.7419,13.123,3.13406,2.71559,2.75637,15000,0.993617,-0.410578,-0.995591,0.443566,1.26058,0.0494888,-0.878973,0.513858,3.52747,1.20084,0.415209,0.635943
15,0.962468,0.497151,-0.672125,0.5148,24.1435944432,24,25.2875189517,24.1435944432,18.5969984668,1.20036466253,0.127690914278,0.12011738529,0.0923729789713,0.00605274233091,384,77184,201,201.0,201,0.0,0.999844,0.453763,-0.998926,0.654091,23.7595812066,5,24.4591846861,23.7595812066,21.7652499519,1.01129803075,0.126497833074,0.118797906033,0.0882105965314,0.00600440361013,85,17000,201,200.0,196,2.0,17000,0.01757390800048597,85.09338850621134,56.520584558995324,11.420373476998066,0.023114709998480976,17.08226960922184,0.029347001007408835,1438.3654141946026,0.00012524198973551393,0.014436932280659676,-3.0832290649414062,14.9375,1.27247,-4.71076,3.2006,-18.7635,44.7664,18.7274,0.0469027,3.69591,44.4002,18.7405,10.8846,3.30453,44.4548,18.7399,10.9468,3.30495,2.14751,2.17977,16000,0.999624,0.437769,-0.994725,0.639387,1.49921,0.012129,-0.535873,0.333293,4.47815,1.08358,0.585158,0.510192
16,0.9926,0.848882,-0.868989,0.356674,22.9624301932,24,25.2896130924,22.9624301932,13.9440647462,3.24511671396,0.125932544285,0.114240946235,0.0631686800228,0.0169492164284,408,82008,201,201.0,201,0.0,0.999981,0.757373,-0.999996,0.511937,23.5671628174,5,24.4368827373,23.5671628174,20.872434148,1.3688067367,0.124291584799,0.117835814087,0.091462829292,0.00889276197008,90,18000,201,200.0,196,2.0,18000,0.01815446799446363,85.32808382916846,56.1836558169889,11.366723043989623,0.02752983600657899,17.69416520318191,0.03769322000152897,1525.024905324448,0.00016224100545514375,0.01594502478837967,2.706369161605835,9.75248,2.65393,-2.8894,2.34332,-18.6453,36.9949,18.4999,0.0857969,2.84818,35.4446,18.6476,13.2572,2.02774,35.4057,18.6459,13.2597,2.02399,3.21184,3.19773,17000,0.998444,0.857162,-0.990722,0.336182,1.11535,-0.283878,-0.792234,0.24083,3.05064,0.780831,0.452832,0.276825
17,0.957675,0.138596,-0.85071,0.677241,24.5752232521,24,24.947783782,24.5752232521,23.6828539459,0.254047888801,0.125594498405,0.122264792299,0.113857905192,0.00148643700131,432,86832,201,201.0,201,0.0,0.999906,0.173892,-0.999007,0.799059,22.5290425419,5,24.3424493841,22.5290425419,18.3650630896,2.19034055198,0.123309765116,0.112645212709,0.0879083481875,0.0116172742963,95,19000,201,200.0,196,2.0,19000,0.017918322002515197,86.0754930741241,56.35288342399872,11.402284720999887,0.02775922999717295,18.245961632113904,0.02853487701213453,1612.4376677076361,0.00015086799976415932,0.013559075072407722,-2.5634870529174805,10.0834,1.40394,-4.97828,2.64277,-18.633,27.127,18.6639,13.3572,1.97563,27.0626,18.5511,13.106,2.01077,27.1019,18.5536,13.0044,2.00809,0.0494745,0.0492917,18000,0.99767,0.528687,-0.991935,0.612302,1.10017,-0.162112,-0.792707,0.289589,3.00467,0.891966,0.452618,0.322363
18,0.89978,0.0335227,-0.829844,0.711208,24.0911185714,24,24.8721073035,24.0911185714,18.7700477327,1.60483629424,0.125050462838,0.119856311301,0.093013194959,0.00802718111078,456,91656,201,201.0,201,0.0,0.999956,0.180566,-0.997217,0.750124,24.128198214,5,24.9176551143,24.128198214,23.2210457429,0.658475339867,0.125570854785,0.12064099107,0.105698594936,0.00462087139679,100,20000,201,200.0,196,2.0,20000,0.01630796199606266,85.11406724902918,56.40387221099809,11.350194975995691,0.0234638480033027,17.28860492903914,0.03147935199376661,1698.9015935685456,0.00014397100312635303,0.011101726442575455,-1.9400396347045898,10.6312,1.56894,-5.82671,2.76225,-18.496,34.9781,18.5466,13.4668,2.16836,33.4191,18.4587,12.8773,2.15111,33.3624,18.4461,12.8861,2.14464,0.0586396,0.0576686,19000,0.998283,0.417707,-0.994983,0.703982,1.38598,-0.107756,-0.78593,0.346729,3.99876,0.961539,0.455696,0.418092
19,0.951554,0.142618,-0.894671,0.823881,24.5804460097,24,24.7479325195,24.5804460097,24.2114415227,0.140258983705,0.124035326608,0.122290776167,0.117084598286,0.000904004126713,480,96480,201,201.0,201,0.0,0.999925,0.329008,-0.997666,0.776525,23.1808796594,5,24.7648642363,23.1808796594,18.5940596699,2.35399067326,0.1239333805,0.115904398297,0.0920226042947,0.0118845232816,105,21000,201,200.0,196,2.0,21000,0.019068038993282244,85.32581823485089,56.54906580399256,11.533811286994023,0.022611030988628045,17.16134202487592,0.03979021900158841,1785.5455032493337,0.0001298300048802048,0.011332862079143524,0.7351542711257935,13.6769,2.16409,-4.52824,2.53923,-18.65,34.5926,18.4716,0.0746513,3.32159,35.0331,18.6274,12.6401,2.70373,35.0211,18.6209,12.6101,2.71076,3.5456,3.54377,20000,0.999711,0.519749,-0.993141,0.697209,-0.0521873,-0.42203,-1.09125,0.176258,0.949151,0.665664,0.335797,0.113096
20,0.810251,-0.0571655,-0.879833,0.810276,24.1571700494,24,24.9923100415,24.1571700494,18.8330825266,1.60685867973,0.125401320594,0.120184925619,0.0934301790246,0.00801651424968,504,101304,201,201.0,201,0.0,0.99976,-0.12521,-0.999261,0.79326,24.4931537977,5,25.216646334,24.4931537977,24.0287462194,0.44577333397,0.12725730802,0.122465768989,0.116043360842,0.00232842149689,110,22000,201,200.0,196,2.0,22000,0.018071234997478314,84.86339935926662,56.15414223399421,11.49743918099557,0.023076241996022873,17.140196909283986,0.03033796200179495,1871.7386907176697,0.00013559599756263196,0.009914356283843517,-3.9157652854919434,11.04,1.15129,-4.40133,2.6367,-18.3535,39.0515,18.1436,0.103388,2.92096,39.1219,18.3162,9.81574,2.2158,39.1707,18.3183,9.83918,2.21591,3.87967,3.88006,21000,0.998401,0.319199,-0.999811,0.729468,0.899251,-0.155774,-1.15481,0.334545,2.45776,0.907972,0.315116,0.340974
21,0.906485,0.0326157,-0.907252,0.810578,24.6352156069,24,25.0102981726,24.6352156069,24.1538329045,0.147151250584,0.125770186224,0.122563261726,0.11722999478,0.00091692039489,528,106128,201,201.0,201,0.0,0.999546,0.0217948,-0.999626,0.808302,24.4148790359,5,24.9053834916,24.4148790359,23.8865856828,0.416150742684,0.125896796908,0.122074395179,0.117018753991,0.00205794639821,115,23000,201,200.0,196,2.0,23000,0.01821590500185266,85.85209683005814,56.902128506990266,11.428820469009224,0.028651802000240423,17.44418605005194,0.02994824699999299,1958.941867722635,0.00014585000462830067,0.008524930104613304,-0.8705167770385742,13.926,1.8173,-4.47484,3.43844,-18.4676,38.4084,18.3389,0.120344,2.76528,38.2532,18.4319,12.4193,2.26948,38.2974,18.4356,12.4012,2.26961,2.58943,2.5838,22000,0.999435,0.336319,-0.997517,0.76014,1.39881,-0.194636,-1.1949,0.453281,4.05036,0.929003,0.302735,0.558192
22,0.991837,0.0792823,-0.974854,0.971882,23.6186989871,24,24.584111844,23.6186989871,13.1472071944,3.15151545066,0.125724974163,0.11750596511,0.0633333333333,0.0159326046828,552,110952,201,201.0,201,0.0,0.999635,-0.0212257,-0.999963,0.927718,24.3125177512,5,25.0000769857,24.3125177512,23.8627005135,0.420414525954,0.12533363564,0.121562588756,0.1161431768,0.00201800123737,120,24000,201,200.0,196,2.0,24000,0.01605211599962786,85.20742383679317,56.402474896996864,11.483179451999604,0.02228351100347936,17.25150283880066,0.0317959779931698,2045.4778578683763,0.00013504399976227432,0.01129893772304058,12.09396743774414,12.6437,4.69771,-3.28297,3.09392,-18.4205,32.0359,18.4118,14.0447,1.84108,32.1304,18.3999,13.9442,1.85651,32.1728,18.4011,13.8902,1.8626,0.0410669,0.041877,23000,0.999482,0.0233376,-0.999328,0.953396,0.0809684,-0.359723,-1.15486,0.166546,1.08434,0.707351,0.3151,0.114239
23,0.758041,0.0278238,-0.768738,0.646083,24.4343789818,24,25.0062717681,24.4343789818,18.8567720823,1.16811183772,0.126080676551,0.121564074537,0.093393932831,0.00582999559982,576,115776,201,201.0,201,0.0,0.999919,0.0653854,-0.999999,0.764791,23.9580515487,5,24.5705911723,23.9580515487,23.2863761831,0.410981962419,0.12568282284,0.119790257744,0.105734666361,0.00364211810934,125,25000,201,200.0,196,2.0,25000,0.01702207599009853,85.13185296134907,56.35932137200143,11.447269419004442,0.021969839988742024,17.253314379355288,0.03280064900172874,2131.930484860539,0.00015522600733675063,0.011174332350492477,-4.468094825744629,13.848,1.00579,-4.17296,3.08128,-18.2524,34.8646,18.2245,0.122555,2.10484,34.7826,18.2375,13.9899,1.79634,34.7828,18.2393,14.0098,1.78686,1.37106,1.36841,24000,0.998684,0.0936722,-0.999236,0.756796,1.05951,0.175658,-0.790437,0.290197,2.88495,1.24444,0.453647,0.383252
24,0.8933,-0.0023991,-0.858697,0.507073,23.278237711,24,24.7338903607,23.278237711,18.7206775966,2.29610537601,0.124829938391,0.115812127915,0.0922674142093,0.0114490566557,600,120600,201,201.0,201,0.0,0.999996,0.0962245,-0.999995,0.761435,23.4919234633,5,24.7038508889,23.4919234633,21.2908622542,1.19479593547,0.125401166273,0.117459617316,0.096219552602,0.00787811489471,130,26000,201,200.0,196,2.0,26000,0.020026821992360055,86.70110095308337,56.13061873700644,11.381844315998023,0.028289167006732896,19.091134848073125,0.049053729002480395,2220.1816051464557,0.00013333400420378894,0.008833599276840687,-6.612265586853027,12.9784,0.601819,-3.26011,2.8841,-18.2263,31.1758,18.2179,10.717,2.01118,31.9637,18.2132,9.46656,2.03637,31.9802,18.2236,9.52166,2.02855,0.0480069,0.0451589,25000,0.999871,0.0472758,-0.999483,0.677445,1.5751,0.250377,-0.586626,0.311218,4.83123,1.35055,0.556201,0.462452
25,0.912664,-0.251092,-0.915649,0.384622,23.6828142656,24,25.0997073545,23.6828142656,18.5101558364,1.93978424672,0.127088880072,0.117824946595,0.090611023003,0.00972820694517,624,125424,201,201.0,201,0.0,0.999933,-0.131379,-0.999998,0.743928,22.2619109658,5,24.7103782505,22.2619109658,13.7246644597,4.27375963992,0.127315197388,0.111309554829,0.0546683474572,0.0223819085555,135,27000,201,200.0,196,2.0,27000,0.015113262008526362,76.31455814526998,50.175103982997825,9.923553389991866,0.020824129998800345,16.15107555728173,0.02874528399843257,2297.748108950749,0.00014253899280447513,0.006788323167711496,-4.886200428009033,14.2726,1.0213,-3.32888,3.38487,-17.9063,34.2071,17.9527,14.6849,1.79579,34.1489,17.901,14.3903,1.82524,34.1496,17.9012,14.4918,1.82576,0.0330024,0.0335506,26000,0.999727,-0.138263,-0.999941,0.655841,1.5935,0.391653,-0.980295,0.32733,4.92096,1.55716,0.3752,0.511051
26,0.198761,-0.787691,-0.989727,0.185305,23.9414802405,24,24.8816188267,23.9414802405,21.3702912854,0.98335416122,0.125340326262,0.119111841993,0.103939428533,0.00525859821154,648,130248,201,201.0,201,0.0,0.999986,-0.463501,-1.0,0.756428,21.5235666822,5,24.9294670615,21.5235666822,18.5477823875,2.70874593544,0.125984659917,0.107617833411,0.0908487966132,0.0142216656759,140,28000,201,200.0,196,2.0,28000,0.01535910899110604,77.36698507309484,50.712395936992834,10.446940394002013,0.02247382400673814,16.140986955113476,0.02869833399017807,2376.3760718568665,0.00013051999849267304,0.005959371104836464,1.5166254043579102,21.6595,2.29605,-5.03823,3.97176,-18.0026,32.0366,17.9878,12.85,1.76252,31.8643,17.9429,12.1592,1.75046,31.8779,17.9504,12.158,1.74715,0.0631832,0.0603156,27000,0.99971,-0.527493,-0.999944,0.624363,2.0,0.11969,-1.42074,0.55055,7.38906,1.33441,0.241535,0.947049
27,0.989363,-0.916439,-0.996792,0.279995,24.0538647344,24,24.89310958,24.0538647344,18.7600907055,1.61846839067,0.124715506769,0.119670968828,0.0933333333333,0.00805281093041,672,135072,201,201.0,201,0.0,0.998506,-0.63009,-0.999809,0.68756,21.3330012362,5,24.836914261,21.3330012362,14.5839020412,4.16693373877,0.124709767915,0.106665006181,0.0535085917525,0.0213767455238,145,29000,201,200.0,196,2.0,29000,0.015623087005224079,75.65579061377503,49.21004529998754,9.946529855005792,0.023092720002750866,16.42776129677077,0.03261213000223506,2453.292110374794,0.00012622500071302056,0.00904953945428133,8.988842964172363,11.3324,3.91047,-3.71751,2.78584,-17.8892,31.2469,17.7815,0.118386,1.8844,31.1029,17.8304,12.2594,1.53984,31.101,17.8282,12.3806,1.53471,1.27823,1.27168,28000,0.997567,-0.795116,-0.999566,0.480294,0.176475,-0.496741,-1.18729,0.172204,1.193,0.617647,0.305047,0.108963
28,0.665464,-0.839741,-0.967445,0.336158,24.193886326,24,25.0497493646,24.193886326,18.7417275604,1.35994486122,0.12643279015,0.120367593662,0.0932362528785,0.00687584803173,696,139896,201,201.0,201,0.0,0.999653,-0.45465,-0.999759,0.766751,22.3097686696,5,24.8738529046,22.3097686696,17.6588662371,2.58202704288,0.125761434705,0.111548843348,0.0739294053263,0.0169362918337,150,30000,201,200.0,196,2.0,30000,0.015270622985553928,76.16689345589839,49.57516818000295,10.217644022995955,0.023165790000348352,16.307932690906455,0.027554450003663078,2530.713316312933,0.00015769900346640497,0.01146669127047062,5.315317630767822,10.196,3.18956,-5.57663,2.78583,-17.7058,22.8134,17.7187,0.119204,1.86532,22.8042,17.6789,12.4216,1.52452,22.8106,17.6883,12.4385,1.53141,0.811315,0.807407,29000,0.999602,-0.755238,-0.999559,0.503193,0.445526,-0.345077,-1.07413,0.217082,1.56131,0.725753,0.341596,0.170459
29,0.881982,-0.521641,-0.923031,0.492191,23.2382420572,24,24.8781626721,23.2382420572,18.7188596123,2.12469587534,0.126208412524,0.115613144563,0.0906735669548,0.0108242743662,720,144720,201,201.0,201,0.0,0.999942,-0.230003,-0.999882,0.800448,21.0574176258,5,25.2615024886,21.0574176258,16.2741290556,3.49613116464,0.127015885906,0.105287088129,0.0606767168573,0.0208801879071,155,31000,201,200.0,196,2.0,31000,0.014869278995320201,75.37110481427226,49.05853211598878,9.91134102900105,0.023871094002970494,16.33124060826958,0.031104406007216312,2607.366392456315,0.0001462820073356852,0.012430130504071712,-2.187999725341797,15.7513,1.50133,-3.96363,2.76986,-17.5451,26.1747,17.592,0.120762,2.03564,26.037,17.5248,11.2259,1.67765,26.1483,17.5186,11.2157,1.68424,1.28764,1.28791,30000,0.999988,-0.516463,-0.99849,0.656523,0.450935,-0.215779,-1.28778,0.295239,1.56978,0.840998,0.275883,0.244906
30,0.696674,-0.855004,-0.962473,0.254205,22.6920513741,24,24.813224324,22.6920513741,17.5423057914,2.64232791581,0.126313534129,0.112895777981,0.0865572223258,0.0132677003295,744,149544,201,201.0,201,0.0,0.993502,-0.644274,-0.999721,0.508709,20.9351408732,5,24.4679182557,20.9351408732,15.9563846139,3.59234232513,0.125859279759,0.104675704366,0.0512421626949,0.0185784837871,160,32000,201,200.0,196,2.0,32000,0.015134840999962762,75.41005001828307,49.07022421500005,10.05382060300326,0.021720727992942557,16.22069844028738,0.02830806700512767,2684.0498072197224,0.0001431239943485707,0.012981008738279343,3.348876476287842,16.6514,2.77087,-2.72069,2.89291,-17.5005,25.4704,17.5043,0.118339,2.32054,25.4091,17.4815,11.716,1.75248,25.4194,17.4795,11.6317,1.76036,2.17516,2.17083,31000,0.999975,-0.718431,-0.999755,0.51592,0.33212,-0.366528,-1.10301,0.285496,1.39392,0.722505,0.33187,0.214784
31,0.970971,-0.806103,-0.954997,0.299996,23.3212946387,24,25.3263714555,23.3212946387,17.5216940203,2.33376788612,0.127330823063,0.116026341486,0.0842860738003,0.0120768923225,768,154368,201,201.0,201,0.0,0.995721,-0.597021,-0.999944,0.566733,22.9685565708,5,24.9524236424,22.9685565708,16.80889054,3.09497864547,0.126242155388,0.114842782854,0.0754407846761,0.0163863681687,165,33000,201,200.0,196,2.0,33000,0.015317227997002192,76.1297163025447,49.09177797399752,9.976288284000475,0.021306214010110125,16.994781147528556,0.02988884500518907,2761.5131352004246,0.0003566100058378652,0.01154995895922184,-0.5023550391197205,9.63903,1.88739,-3.48012,2.69982,-17.6609,28.4937,17.7238,12.7439,1.98844,28.6502,17.6455,12.3466,2.03009,28.5788,17.6528,12.3058,2.03038,0.0402964,0.0401799,32000,0.997963,-0.615211,-0.998485,0.604589,0.736194,-0.243083,-1.58077,0.322054,2.08797,0.824115,0.205816,0.259072
32,0.852429,0.0243524,-0.915747,0.595609,24.3276296389,24,24.8203645194,24.3276296389,18.7727245347,1.16978576357,0.125099153329,0.121032983278,0.0930065961946,0.00586813939993,792,159192,201,201.0,201,0.0,0.999862,-0.132259,-0.999856,0.760661,23.5682389918,5,24.6217073337,23.5682389918,21.7774528868,1.02094103905,0.124127841631,0.117841194959,0.0935907206603,0.00694695125991,170,34000,201,200.0,196,2.0,34000,0.015743112002382986,75.8528652216628,49.52379947699956,10.081333852009266,0.022277727999608032,16.179258318661596,0.030283721993328072,2838.6334380909684,0.00016901199705898762,0.010135496035218239,-2.3329765796661377,13.575,1.49192,-5.08297,3.14586,-17.216,24.1391,17.1953,0.0781805,2.25178,23.9663,17.1964,11.0828,1.63898,23.9542,17.1995,11.0357,1.64273,2.78142,2.78549,33000,0.999999,-0.159173,-0.999451,0.756721,1.34437,-0.138935,-1.36958,0.377768,3.83576,0.930322,0.254214,0.340193
33,0.993715,-0.526237,-0.983884,0.452272,22.5255831835,24,24.9100898234,22.5255831835,18.0159610589,2.34147764201,0.12586768696,0.112067578028,0.063457129873,0.0135162352203,816,164016,201,201.0,201,0.0,0.999955,-0.398275,-0.999976,0.669306,22.1413869828,5,24.8522610901,22.1413869828,15.5599401374,3.38557816028,0.1260264165,0.110706934914,0.067844698057,0.0181114352323,175,35000,201,200.0,196,2.0,35000,0.01474406999477651,75.29394767805934,49.10782136900525,9.968042409993359,0.027423747000284493,16.140852200071095,0.034934633993543684,2915.1801539799053,0.00012924800103064626,0.009739499539136887,-0.7071851491928101,13.7349,1.84731,-4.32479,3.32632,-17.1777,24.0578,17.2973,12.0388,1.72288,23.9707,17.1624,10.8706,1.74288,23.9851,17.1627,11.0542,1.74862,0.0511288,0.050254,34000,0.999959,-0.402106,-0.998443,0.71665,0.644878,-0.149444,-1.34806,0.361941,1.90575,0.915876,0.259744,0.308325
34,0.982589,-0.486189,-0.994073,0.430283,23.3985096404,24,25.3726544353,23.3985096404,18.5124571033,1.54754388332,0.126967537054,0.116410495723,0.0764210496026,0.00953205486947,840,168840,201,201.0,201,0.0,0.999998,-0.199639,-0.999986,0.816635,18.7046393457,5,24.3088678619,18.7046393457,15.2831957108,3.04533385431,0.124693179176,0.0935231967286,0.0701173256377,0.0178543038589,180,36000,201,200.0,196,2.0,36000,0.016347889992175624,75.26139095597318,49.08286709799722,9.94111082800373,0.024561152997193858,16.167223825978,0.029099028004566208,2991.7200998448097,0.00018113300029654056,0.010634304955601692,-0.23246347904205322,11.4103,1.94884,-4.41675,3.14923,-17.121,28.4594,17.1494,0.112182,1.95436,28.3919,17.0858,12.1448,1.65456,28.403,17.0838,12.1252,1.64926,0.982601,1.03109,35000,0.999892,-0.411168,-0.998743,0.713282,0.392703,-0.211523,-1.41089,0.384712,1.48098,0.866176,0.243925,0.296696
35,0.701574,-0.535063,-0.97147,0.308192,23.4807177043,24,25.0744653347,23.4807177043,18.5578836357,1.91779478822,0.126409621678,0.116819491066,0.0858980916809,0.0102330963738,864,173664,201,201.0,201,0.0,0.99943,-0.371132,-0.999762,0.681369,23.0267078007,5,24.8079579323,23.0267078007,18.5783616837,2.30857666153,0.124971179219,0.115133539004,0.0888338822907,0.0113857883388,185,37000,201,200.0,196,2.0,37000,0.014817868999671191,75.48615453593084,49.197844950002036,10.002136424998753,0.0244255629950203,16.216984722937923,0.02980821298842784,3068.4798925256036,0.00013679300900548697,0.011064715683460236,-2.2866251468658447,20.2839,1.49231,-4.16551,3.12246,-17.3589,29.7255,17.5125,12.5974,2.4012,29.752,17.3578,11.8631,2.41659,29.7335,17.3475,11.8058,2.41676,0.128008,0.129455,36000,0.999997,-0.337468,-0.99588,0.710725,0.325214,-0.174208,-1.212,0.324027,1.38433,0.882729,0.297601,0.26406
36,0.904705,-0.417316,-0.994624,0.422578,23.6090643314,24,25.0282367411,23.6090643314,18.8460570237,1.6925536084,0.125543156223,0.1174580315,0.0922021644797,0.00867214790973,888,178488,201,201.0,201,0.0,0.999686,-0.120594,-0.999863,0.800436,20.1181420983,5,23.6773276242,20.1181420983,13.0153202506,3.9187253148,0.123756707211,0.100590710492,0.0627689740996,0.0205165318992,190,38000,201,200.0,196,2.0,38000,0.016321388000505976,76.33929572095803,49.75681388399971,9.994861869010492,0.030965860991273075,16.51071126194438,0.02947278400824871,3146.104863682558,0.0001486730034230277,0.009529352188110352,-0.6144734621047974,12.7336,1.86795,-3.68884,3.13781,-17.1935,23.8567,17.0696,0.1192,2.289,23.8469,17.1847,11.3526,1.76254,23.8542,17.1859,11.3189,1.7578,2.50867,2.45665,37000,0.999731,-0.314485,-0.999211,0.740008,0.345468,-0.204086,-1.48559,0.314444,1.41265,0.854049,0.226368,0.246818
37,0.996811,0.222548,-0.940898,0.668774,24.1625091186,24,24.9478256419,24.1625091186,18.6628609165,1.60944174543,0.125944272411,0.120211488152,0.0920209519376,0.00803178277909,912,183312,201,201.0,201,0.0,0.999979,0.123827,-0.999743,0.773228,22.1895796247,5,24.2640340045,22.1895796247,18.2676492983,2.27655225025,0.126877992107,0.110947898123,0.0640927942879,0.0169333091529,195,39000,201,200.0,196,2.0,39000,0.016754363998188637,76.2559038339823,49.573928698009695,10.072958819990163,0.020186726993415505,16.543415270003607,0.028537032994790934,3223.646684858788,0.00012292199244257063,0.009705090895295143,-1.2570019960403442,21.638,1.72881,-5.11425,3.36152,-17.1276,27.6986,17.0934,0.10021,2.03124,27.9222,17.1282,12.2941,1.77207,27.9288,17.1305,12.2908,1.76465,1.07807,1.07937,38000,1.0,0.0486885,-0.997551,0.802808,0.401308,-0.111249,-1.67399,0.288741,1.49378,0.927689,0.187498,0.221926
38,0.912962,-0.210816,-0.991966,0.604534,23.9123673215,24,24.7760475141,23.9123673215,17.6258271338,1.75419065892,0.125398525621,0.1189670016,0.0839579829342,0.00880757019606,936,188136,201,201.0,201,0.0,0.999801,-0.348148,-0.999916,0.701705,22.5682079613,5,24.4730610361,22.5682079613,18.0831306136,2.32276186873,0.123460219006,0.112841039806,0.0765431141544,0.0148709153439,200,40000,201,200.0,196,2.0,40000,0.014187667999067344,76.34640421725635,49.82418167300057,9.98822672899405,0.021950406997348182,16.469478397251805,0.02823230900685303,3301.2507109569997,0.0001470340066589415,0.009433024562895298,-2.5407042503356934,13.1471,1.4552,-4.86258,2.85606,-16.8375,26.9372,16.8801,0.0579571,1.98592,26.6957,16.8319,12.97,1.69243,26.6605,16.834,13.0394,1.69435,0.948586,0.95321,39000,0.99983,-0.264615,-0.99897,0.76354,0.318097,-0.208122,-1.65755,0.329934,1.37451,0.851737,0.190605,0.235828
39,0.891496,-0.458198,-0.957121,0.417385,23.4721623606,24,25.1320021282,23.4721623606,18.4039333146,2.03628747764,0.127198537442,0.116776927167,0.0753610129893,0.0106175979835,960,192960,201,201.0,201,0.0,1.0,-0.296888,-0.999947,0.752192,22.3596602928,5,24.6720691884,22.3596602928,19.2692384213,2.0522832219,0.125678965289,0.111798301464,0.0763754654783,0.0163340665757,205,41000,201,200.0,196,2.0,41000,0.01555486700090114,76.12699273382896,49.47067762399092,10.035859692012309,0.02283201699901838,16.546502456825692,0.035432065997156315,3378.664428471093,0.00013401100295595825,0.009912507608532906,-0.6878371834754944,17.0763,1.85092,-4.0308,3.39918,-16.7697,26.1067,16.7849,0.0730971,1.9692,26.1048,16.7621,9.53769,1.71761,26.0633,16.756,9.54473,1.71895,0.508519,0.512537,40000,0.999989,-0.387442,-0.999963,0.71834,0.292797,-0.257328,-1.57827,0.347641,1.34017,0.816689,0.206332,0.250552
40,0.974655,-0.582288,-0.991935,0.428648,23.5687751167,24,25.154576291,23.5687751167,17.7990540555,2.09312763308,0.128137242691,0.117257587645,0.0833956750827,0.0109787913181,984,197784,201,201.0,201,0.0,0.99988,-0.217773,-0.999857,0.717534,23.2173248694,5,24.6915282662,23.2173248694,21.0138319113,1.35747511939,0.124441943894,0.116086624347,0.0778807890136,0.0119924034249,210,42000,201,200.0,196,2.0,42000,0.01604852899617981,76.86266513400187,50.34102004500164,9.968976948002819,0.02859248800086789,16.478966792987194,0.028935075009940192,3456.8286100820987,0.00012525600322987884,0.00923046376556158,1.778659701347351,14.8659,2.37963,-4.54076,3.24619,-16.7133,27.1848,16.7561,0.090867,2.40201,27.2495,16.6745,10.2376,1.9627,27.2646,16.6787,10.2414,1.9545,0.964995,0.957645,41000,0.999736,-0.48694,-0.999516,0.680645,0.241028,-0.282586,-1.67663,0.340672,1.27256,0.79436,0.187003,0.237255
41,0.922299,0.0108196,-0.886084,0.698457,23.8856672798,24,25.0103418818,23.8856672798,18.7098526045,1.937708537,0.126504732151,0.118834165571,0.09278783873,0.00966402088054,1008,202608,201,201.0,201,0.0,0.999888,-0.119573,-0.999979,0.751417,22.727604473,5,24.7267960064,22.727604473,18.480152948,2.46232616565,0.125863271864,0.113638022365,0.0866197192253,0.0137753270733,215,43000,201,200.0,196,2.0,43000,0.016828742998768575,75.59571473764663,49.079407483004616,10.079372181004146,0.021203233001870103,16.36585651563655,0.032897398006753065,3533.677304175537,0.0001491839939262718,0.00903245061635971,-0.4358989894390106,14.9735,1.90739,-3.1479,3.0656,-16.6614,23.4559,16.642,0.096556,1.85521,23.7279,16.6472,11.1096,1.55235,23.7278,16.641,10.9847,1.55768,1.01446,0.996458,42000,0.999838,-0.095269,-0.999551,0.800218,0.279326,-0.26366,-1.64282,0.323677,1.32224,0.804852,0.193434,0.223151
42,0.856656,-0.00261236,-0.863748,0.83845,24.6030972714,24,24.6943535138,24.6030972714,24.2663934892,0.102823743518,0.123921448969,0.122403469012,0.117677179679,0.000721826714473,1032,207432,201,201.0,201,0.0,0.999821,-0.0654329,-0.999624,0.765213,24.4264985074,5,24.874071068,24.4264985074,23.8975108745,0.335305624354,0.126338484142,0.122132492537,0.11567028029,0.00248619035885,220,44000,201,200.0,196,2.0,44000,0.015006500005256385,75.51908992603421,49.17495370899269,9.945421048993012,0.021446935992571525,16.329254550058977,0.03285800700541586,3610.4642160235962,0.00014917498629074544,0.00861054752022028,1.2344138622283936,14.2839,2.25962,-4.02323,3.28607,-16.6046,28.0171,16.2905,0.111642,2.84215,28.2787,16.5845,8.42427,1.98537,28.2868,16.5792,8.4322,1.99068,4.32203,4.41363,43000,0.999866,-0.119441,-0.999643,0.819192,0.264437,-0.33369,-2.24156,0.37452,1.3027,0.759744,0.106293,0.228258
43,0.690807,-0.604803,-0.985705,0.366156,23.4041700868,24,25.0214696203,23.4041700868,18.3723401353,2.02641526857,0.127434546896,0.116438657148,0.0905248464901,0.0105972278652,1056,212256,201,201.0,201,0.0,0.998521,-0.386628,-0.999875,0.711707,23.9985778525,5,24.5494968516,23.9985778525,23.5078811749,0.42227326648,0.125133259887,0.119992889263,0.0922527718145,0.00485675505281,225,45000,201,200.0,196,2.0,45000,0.014778245007619262,75.45048861630494,49.10572065800079,9.957536500995047,0.02097279099689331,16.3217289703025,0.029627223004354164,3687.1600768550124,0.0001242279977304861,0.008284059353172779,1.3474282026290894,14.3675,2.2811,-4.04028,3.14744,-16.5096,25.5413,16.3871,0.123139,2.06045,26.0196,16.504,12.9364,1.48338,25.9722,16.501,12.928,1.48657,1.99929,1.99162,44000,0.998125,-0.517897,-0.999882,0.651072,0.932604,-0.295613,-2.45119,0.447688,2.54112,0.810142,0.0861909,0.306757
44,0.932428,-0.564866,-0.993114,0.397194,23.6361838319,24,25.2529160695,23.6361838319,18.2785529861,1.9148206689,0.128208838871,0.117592954388,0.0905449851339,0.0100505361443,1080,217080,201,201.0,201,0.0,0.999748,-0.0800146,-0.999863,0.768386,22.1442499257,5,24.205913729,22.1442499257,16.9968775492,2.78506818003,0.126344686242,0.110721249628,0.0636572533054,0.0184450584071,230,46000,201,200.0,196,2.0,46000,0.015404239995405078,76.10809709508612,49.694732611009385,9.955968290989404,0.02193096000701189,16.391186783090234,0.02874616699409671,3764.53664154507,0.0001280430005863309,0.008192526176571846,2.4342539310455322,11.4014,2.50666,-3.03992,2.83864,-16.4015,23.1139,16.3785,0.103277,1.87432,23.1858,16.3733,7.18917,1.58413,23.2653,16.3741,7.20727,1.58145,0.70173,0.699264,45000,0.998612,-0.496649,-0.998844,0.689602,0.552833,-0.28059,-2.17589,0.405389,1.73817,0.810947,0.113507,0.27819
45,0.867188,-0.633065,-0.992284,0.307186,24.1114538526,24,25.3171666335,24.1114538526,18.6810275304,1.25899300738,0.127518452367,0.119957481854,0.0920916706934,0.00653094947392,1104,221904,201,201.0,201,0.0,0.999625,-0.210507,-0.999984,0.773555,20.2495499699,5,24.1504888314,20.2495499699,16.4708200986,2.47111989908,0.123469522298,0.101247749849,0.0531584234335,0.0195720780338,235,47000,201,200.0,196,2.0,47000,0.014695731006213464,75.66748899545928,49.252307632996235,9.990675854001893,0.022802027000579983,16.35552461244515,0.03130859800148755,3841.4934195894602,0.00017454000771977007,0.008299368433654308,0.6481979489326477,11.2517,2.13528,-5.10887,2.90148,-16.3154,23.0868,16.1334,0.113205,2.34409,23.1073,16.3213,6.65871,1.58187,23.0951,16.3257,6.65964,1.57648,3.16353,3.20846,46000,0.999353,-0.537464,-0.998844,0.637216,0.566962,-0.179161,-2.30334,0.401811,1.7629,0.894826,0.0999245,0.295743
46,0.946794,-0.119668,-0.959232,0.828693,24.322960108,24,24.7698897684,24.322960108,18.7500674294,1.17299954528,0.125057537941,0.121009751781,0.0926098685147,0.00588681599177,1128,226728,201,201.0,201,0.0,0.999554,-0.295294,-0.99955,0.77628,24.137384837,5,24.7044381643,24.137384837,23.2520667195,0.498451722204,0.123842824665,0.120686924185,0.111537074521,0.00247681211133,240,48000,201,200.0,196,2.0,48000,0.014953484002035111,75.41706648613035,49.09881234700151,9.91741194599308,0.02153304401144851,16.33333853710792,0.03087564000452403,3918.1627102986095,0.0001414880098309368,0.007465009111911058,-0.08730298280715942,15.2447,1.98217,-3.53417,3.08744,-16.1781,27.2784,16.076,0.117706,2.24794,27.3724,16.1815,11.1739,1.75442,27.316,16.1772,11.2063,1.75451,1.98188,1.99168,47000,0.999941,-0.283376,-0.999788,0.774578,0.727854,-0.272663,-2.49732,0.421767,2.07063,0.818883,0.082305,0.276309
47,0.969166,-0.370775,-0.978807,0.598548,24.0610951192,24,25.0851146071,24.0610951192,18.791109915,1.61152098761,0.127668582928,0.119706940892,0.0929050753349,0.00811299144836,1152,231552,201,201.0,201,0.0,0.999765,-0.0345571,-0.99994,0.807288,22.7217643981,5,24.6103807429,22.7217643981,18.074440252,2.45360546356,0.123435715249,0.113608821991,0.0885450086046,0.0116546864195,245,49000,201,200.0,196,2.0,49000,0.015457163011888042,75.55166140316578,49.17343212700507,9.950794698001118,0.021075115000712685,16.358495855150977,0.03227616599178873,3994.9792297249805,0.00013027900422457606,0.007962463423609734,-1.308424711227417,12.0042,1.72927,-3.41068,2.88555,-16.0058,22.4449,15.9961,0.112715,1.80813,22.4779,16.0103,7.12355,1.58965,22.4738,16.0088,6.93966,1.59568,0.650156,0.658275,48000,0.999738,-0.424329,-0.999264,0.698143,1.01062,-0.179442,-2.64445,0.469719,2.7473,0.914714,0.0710442,0.353168
48,0.956476,0.0036016,-0.939265,0.927784,24.379441486,24,24.7562191239,24.379441486,18.816847508,1.16428327796,0.123432710281,0.121290753662,0.0929900451666,0.00580378192098,1176,236376,201,201.0,201,0.0,0.999921,-0.038413,-0.998637,0.845752,24.2200933179,5,24.6755119454,24.2200933179,23.2520577667,0.529349060155,0.123398969777,0.121100466589,0.106915066855,0.00361975094312,250,50000,201,200.0,196,2.0,50000,0.014987371992901899,76.18284635870077,49.690229073006776,9.999044276002678,0.021359790989663452,16.418801098727272,0.03828105099091772,4072.44470227712,0.00014369699056260288,0.0086938152089715,0.43501514196395874,12.4886,2.09168,-6.24057,3.02734,-16.1119,21.8094,16.0881,0.122462,1.77301,21.7587,16.122,9.91426,1.47288,21.8371,16.1158,9.98551,1.47299,0.825304,0.82354,49000,0.999945,-0.0951511,-0.998321,0.837734,0.619254,-0.345396,-2.72795,0.474026,1.85754,0.770934,0.0653533,0.268729
49,0.986301,-0.454743,-0.9974,0.585197,24.0856737983,24,24.9710888804,24.0856737983,18.3988069577,1.23407432864,0.125503550578,0.119829222877,0.0894773880542,0.00633597474927,1200,241200,201,201.0,201,0.0,0.999912,-0.211559,-0.999991,0.791392,22.3818856617,5,24.6570610312,22.3818856617,15.442032806,3.50318003308,0.124179093263,0.111909428309,0.0683424683044,0.0169972674782,255,51000,201,200.0,196,2.0,51000,0.015057497002999298,75.5645874429465,49.09979977599869,10.009532760988805,0.023243880990776233,16.388267088972498,0.028560520993778482,4149.289997471933,0.0001259179989574477,0.007682914845645428,0.027428746223449707,13.8155,2.00563,-3.47737,3.20326,-16.0871,25.5823,15.8702,0.0857969,2.6097,25.7081,16.0592,5.94699,1.99077,25.7504,16.0623,5.9469,1.98754,2.43482,2.42826,50000,0.999805,-0.436029,-0.999808,0.69084,0.946709,-0.188272,-2.90745,0.525709,2.57721,0.923748,0.054615,0.377659
50,0.96781,-0.178183,-0.98914,0.796368,24.5322297535,24,24.890999474,24.5322297535,23.9697978337,0.239044753146,0.126153019493,0.122050894296,0.116497369771,0.00144055458912,1224,246024,201,201.0,201,0.0,0.999741,-0.190428,-0.999895,0.762674,23.9761287008,5,24.4417557785,23.9761287008,23.5919790262,0.329982183764,0.124151809398,0.119880643504,0.109617662279,0.00328161897047,260,52000,201,200.0,196,2.0,52000,0.01641048899909947,75.50955687316309,49.097295315994415,10.029712698000367,0.020444313006009907,16.31607130417251,0.02948000498872716,4226.059165648083,0.00014274800196290016,0.007641023490577936,-1.0293558835983276,13.6332,1.78882,-4.41101,3.12341,-16.1253,24.4312,16.0913,8.54706,1.73722,24.8391,16.1121,6.65294,1.79251,24.7749,16.1162,6.65183,1.79263,0.0478592,0.0474532,51000,0.999834,-0.348659,-0.999428,0.729366,1.18947,-0.248824,-2.91342,0.539886,3.28535,0.877173,0.0542899,0.392033
51,0.931017,-0.2065,-0.978586,0.800982,24.1390417558,24,24.9528877709,24.1390417558,18.546779785,1.25486227097,0.125663515194,0.120094735103,0.0877631063593,0.00698608828841,1248,250848,201,201.0,201,0.0,0.99992,-0.179655,-0.999978,0.823277,22.3603806784,5,25.046066953,22.3603806784,17.9733901456,2.9096341198,0.126353206634,0.111801903392,0.0632843089137,0.0176624487407,265,53000,201,200.0,196,2.0,53000,0.016577567002968863,75.95118476889911,49.046448703011265,9.982878734008409,0.023792852007318288,16.84433014887327,0.03702267799235415,4303.274686075805,0.00013408600352704525,0.007467309013009071,0.901917040348053,14.7562,2.18417,-4.90315,3.24431,-15.8721,22.254,15.9165,10.3665,1.67453,23.0713,15.839,9.56623,1.66039,23.0993,15.8464,9.63284,1.67857,0.0428154,0.0385658,52000,0.999773,-0.300883,-0.999728,0.781763,1.71601,-0.252596,-2.89889,0.542028,5.56231,0.884112,0.0550843,0.473722
52,0.999271,-0.48817,-0.999617,0.577878,23.0329860144,24,24.7722582685,23.0329860144,17.6170106693,1.96748311889,0.125618880411,0.114591970221,0.0855261288183,0.0104867066063,1272,255672,201,201.0,201,0.0,0.99997,-0.519513,-0.999989,0.742246,21.9258096264,5,24.9279521406,21.9258096264,18.5055861713,2.2817300347,0.128398526585,0.109629048132,0.072194034079,0.0156393628658,270,54000,201,200.0,196,2.0,54000,0.014434983997489326,75.93352946452796,49.30819203599822,9.993577575995005,0.022694610990583897,16.564635663555237,0.02984250499866903,4380.488534208111,0.00015208899276331067,0.0072079552337527275,2.633514642715454,14.107,2.5339,-3.7083,3.37909,-15.8087,27.0809,15.9583,7.54872,1.96921,26.8353,15.8545,7.26687,2.00237,26.807,15.8568,7.26892,2.00301,0.106169,0.108026,53000,0.999889,-0.541241,-0.999794,0.657912,1.02859,-0.318137,-2.94004,0.560023,2.79712,0.829348,0.0528634,0.38839
53,0.988043,-0.108617,-0.999008,0.713623,23.9155973137,24,25.2927750682,23.9155973137,18.962600853,1.6024964759,0.127336812865,0.118983071212,0.0876200748134,0.0086072359557,1296,260496,201,201.0,201,0.0,0.999817,-0.0206778,-0.999676,0.75767,22.0302261269,5,24.5681416748,22.0302261269,18.8386295485,2.09687778524,0.124177621468,0.110151130635,0.0755377128719,0.0141029775535,275,55000,201,200.0,196,2.0,55000,0.015016970006399788,75.30336764396634,49.014396455997485,9.947333702002652,0.023141189987654798,16.27504320697335,0.028310587993473746,4457.083679710093,0.00012553100532386452,0.006722539663314819,0.973967969417572,17.2184,2.1947,-6.06615,3.26763,-15.7941,24.6538,15.6506,0.120344,2.13957,25.6197,15.7641,6.19664,1.9901,25.6158,15.7518,6.25158,1.9987,1.08083,1.07204,54000,0.999991,-0.00918413,-0.999896,0.828818,1.95403,-0.144926,-2.80661,0.496964,7.05707,0.95954,0.0604093,0.485805
54,0.959913,-0.00278148,-0.969418,0.838406,24.37486672,24,24.9625600697,24.37486672,18.8122248703,1.16626546259,0.125947204903,0.121267993632,0.0932841600475,0.00582824333723,1320,265320,201,201.0,201,0.0,0.999864,-0.142375,-0.999943,0.758198,22.8066582621,5,24.6786277853,22.8066582621,18.5143901569,2.19384064109,0.126627792197,0.114033291311,0.089216269034,0.0115546444465,280,56000,201,200.0,196,2.0,56000,0.015071351997903548,75.4545883131359,49.096421879992704,9.936011815007078,0.022940452996408567,16.35573306113656,0.02826349000679329,4533.797169728117,0.0001462619984522462,0.007700798567384481,-0.048190414905548096,16.3365,1.9901,-5.19673,3.39787,-15.9228,22.5833,15.8229,0.12233,1.96133,22.5948,15.9054,11.0064,1.72912,22.5918,15.8979,10.9393,1.73469,1.07497,1.07547,55000,0.999993,-0.0661,-0.999546,0.81998,0.71769,-0.208972,-3.00648,0.450225,2.04969,0.879543,0.0494654,0.308815
55,0.999046,-0.0516186,-0.999552,0.742969,23.5668509049,24,24.7520983611,23.5668509049,18.7444479941,2.09274178836,0.125028946599,0.117248014452,0.0901037768541,0.0107335996905,1344,270144,201,201.0,201,0.0,1.0,0.0908488,-1.0,0.837512,19.5493732705,5,24.6423770209,19.5493732705,15.9466463095,3.15270613371,0.125137563611,0.0977468663523,0.0621215301686,0.0239842350273,285,57000,201,200.0,196,2.0,57000,0.015504503986448981,77.22014366197982,49.09664602400153,9.909932897993713,0.02769047100446187,18.12416277900047,0.04607565399783198,4612.308273298855,0.0001313319953624159,0.007554905954748392,-0.025438539683818817,15.33,1.99479,-4.18922,3.36266,-15.7378,24.513,15.7423,0.118313,2.00157,24.646,15.735,8.98193,1.7508,24.6731,15.7395,9.11909,1.73855,0.863766,0.848943,56000,0.999952,-0.148426,-0.99995,0.789095,1.85756,-0.135173,-2.96633,0.500112,6.40807,0.97611,0.0514921,0.514183
56,0.773419,-0.30132,-0.982539,0.647688,24.0444758189,24,24.8272618532,24.0444758189,18.5837161928,1.65395434742,0.125771571088,0.119624257805,0.0895082459311,0.00828222573313,1368,274968,201,201.0,201,0.0,0.99968,-0.172516,-0.999944,0.705314,22.9863415164,5,24.1858138965,22.9863415164,20.2787683837,1.45064797994,0.12319085861,0.114931707582,0.0929568884163,0.00973782422508,290,58000,201,200.0,196,2.0,58000,0.014950320997741073,75.8023741831712,49.34726895700442,9.994519863001187,0.027072773009422235,16.390830261152587,0.027605413997662254,4689.381848869263,0.0001265940081793815,0.007235479541122913,-0.08966255187988281,12.9785,1.98181,-3.95021,3.16007,-15.8555,23.4895,15.7506,0.114294,2.53314,23.3753,15.8332,8.85202,1.8387,23.3208,15.8382,8.91216,1.84792,2.97488,2.97049,57000,0.999941,-0.290385,-0.999912,0.774987,0.717957,-0.314346,-3.28057,0.530362,2.05024,0.809288,0.037607,0.307887
57,0.997987,0.076619,-0.997822,0.725276,24.0320753824,24,25.0438622691,24.0320753824,18.7531882417,1.6738506326,0.125987170372,0.119562564092,0.0914820063903,0.00872516795427,1392,279792,201,201.0,201,0.0,0.999844,-0.0246236,-0.999904,0.785884,22.6367756688,5,25.092444198,22.6367756688,18.5214394272,2.77525822074,0.126839030437,0.113183878344,0.0859290620467,0.0140800666989,295,59000,201,200.0,196,2.0,59000,0.014620190995628946,75.44566188206954,49.14106032499694,9.948969135002699,0.019891256000846624,16.292365156070446,0.028632742003537714,4766.120625484298,0.0001230769994435832,0.007406943943351507,-2.5051233768463135,14.5049,1.48931,-4.29802,2.91301,-15.7433,23.9845,15.7456,6.83214,1.64942,24.1206,15.7528,6.7145,1.66482,24.0682,15.7415,6.74881,1.66606,0.0290355,0.0309025,58000,0.999771,0.0384278,-0.999008,0.791247,0.535045,-0.20813,-2.98498,0.506833,1.70752,0.888956,0.0505403,0.303545
58,0.929489,-0.0382896,-0.964584,0.847685,24.0766058624,24,24.7477536957,24.0766058624,18.6303397012,1.64105455205,0.124725659709,0.119784108768,0.0916205869214,0.00819486434342,1416,284616,201,201.0,201,0.0,0.999601,-0.0037051,-0.999828,0.789492,24.1772865219,5,25.1814809473,24.1772865219,23.3768283788,0.638798351503,0.126911105412,0.120886432609,0.0977462772283,0.00577093941373,300,60000,201,200.0,196,2.0,60000,0.014677177008707076,75.34836334626016,49.00224150100257,9.943177637003828,0.020745834000990726,16.340999916254077,0.026404042000649497,4842.724402804117,0.00011723898933269083,0.006533137056976557,-0.04004815220832825,12.8486,1.99204,-4.16907,3.09935,-15.5312,24.0344,15.4802,0.092563,1.94879,23.7591,15.5282,8.47211,1.71948,23.7084,15.5186,8.51854,1.71982,0.997043,0.990164,59000,0.999826,-0.162868,-0.999408,0.810792,1.91959,-0.249845,-2.65765,0.465567,6.81819,0.867197,0.0701128,0.539135
59,0.931273,-0.0676613,-0.995827,0.802965,24.3227012802,24,25.1688088268,24.3227012802,18.6170045203,1.21887089667,0.12709666617,0.121008464081,0.0913128787247,0.00617950743565,1440,289440,201,201.0,201,0.0,0.999823,0.0392881,-0.9993,0.761962,22.7612581768,5,24.1785388095,22.7612581768,17.2953764551,2.73388964539,0.124103148053,0.113806290884,0.0622451177523,0.0179657629929,305,61000,201,200.0,196,2.0,61000,0.014623791998019442,76.15629441299825,49.07415528901038,10.14913433601032,0.030065525003010407,16.857856380971498,0.03031726299377624,4920.170237744169,0.00014182701124809682,0.006521300412714481,-0.4816659986972809,13.3675,1.90429,-4.14692,3.08666,-15.4463,23.3172,15.504,0.117706,2.09519,23.3097,15.4345,8.25694,1.89144,23.3116,15.4273,8.18623,1.89602,0.729203,0.734423,60000,0.99981,-0.0785723,-0.999315,0.800573,1.57178,-0.320844,-3.25883,0.463942,4.81521,0.792141,0.0384332,0.350189
60,0.961152,-0.26648,-0.983647,0.674359,23.9351684794,24,24.900139176,23.9351684794,19.0766327236,1.50955054946,0.126356056713,0.119080440196,0.0933350074864,0.00763981294486,1464,294264,201,201.0,201,0.0,0.999977,-0.1173,-0.999955,0.760547,19.730819359,5,22.9900797117,19.730819359,14.5637765159,2.92351143128,0.124093054206,0.0986540967948,0.0625716312971,0.0205725859983,310,62000,201,200.0,196,2.0,62000,0.016207643988309428,76.05600197891181,49.08693988900632,9.971463719994063,0.02132737399369944,16.932696593925357,0.02724344799935352,4997.495572752363,0.0001233100047102198,0.0059199039824306965,-0.91916424036026,12.3866,1.82081,-5.03681,3.1489,-15.4002,23.6936,15.3802,0.117425,1.8967,23.6959,15.3804,10.7763,1.68927,23.6633,15.3782,10.7738,1.6885,1.58825,1.60311,61000,0.998306,-0.215873,-0.999493,0.784204,1.63009,-0.260459,-3.28844,0.460847,5.10435,0.847651,0.0373119,0.398546
61,0.92569,-0.125387,-0.969011,0.842469,24.0605027952,24,24.7837941914,24.0605027952,18.40305345,1.69353884722,0.125525743394,0.119703994006,0.0894519686772,0.00876670455532,1488,299088,201,201.0,201,0.0,0.999416,-0.0894433,-0.999897,0.845899,24.3087509248,5,24.5685189463,24.3087509248,23.7863894749,0.277602905673,0.123705221667,0.121543754624,0.11814993654,0.00126541593122,315,63000,201,200.0,196,2.0,63000,0.03094230299757328,89.98540636480902,51.08940169899142,16.494274779004627,0.026196719001745805,22.3093367008114,0.03510823300166521,5089.090582282923,0.00014593100058846176,0.0070208474062383175,-0.08726335316896439,11.2831,1.9824,-4.50616,3.02692,-15.3151,24.5061,15.16,0.118866,2.43917,24.5701,15.2999,7.1214,1.91992,24.5895,15.2961,7.15595,1.91671,2.26889,2.229,62000,0.998595,-0.10435,-0.998645,0.796846,1.55958,-0.289182,-3.07243,0.458764,4.75681,0.816876,0.0463084,0.355754
62,0.926963,-0.0697985,-0.961487,0.855124,24.3605789397,24,24.70904607,24.3605789397,19.0518835073,1.11686424098,0.124146851128,0.121196910148,0.0934708688496,0.00569593159931,1512,303912,201,201.0,201,0.0,0.998359,-0.0530293,-0.999552,0.796403,23.6347168478,5,24.5820204688,23.6347168478,22.4433281735,0.748034632499,0.124759686477,0.118173584239,0.0896902629113,0.0086941673789,320,64000,201,200.0,196,2.0,64000,0.016846370010171086,98.83992892305832,67.49678367900196,12.628493341006106,0.030805786009295844,18.63257249002345,0.034302554005989805,5189.416605485807,0.00012470300134737045,0.006131788715720177,-0.46372270584106445,13.4659,1.90897,-3.83657,2.80169,-15.3786,25.3815,15.3302,8.4964,1.82969,25.5215,15.3739,7.53331,1.88032,25.5519,15.3804,7.57223,1.88271,0.0950182,0.0913051,63000,0.999697,-0.110984,-0.998816,0.817351,0.935979,-0.444841,-3.50617,0.483886,2.54971,0.699331,0.0300116,0.258677
